user1,password,1
user2,password,2
user3,password,3
user4,password,4
user5,password,5
user6,password,6
user7,password,7
user8,password,8
user9,password,9
user10,password,10
user11,password,11
user12,password,12
user13,password,13
user14,password,14
user15,password,15
user16,password,16
user17,password,17
user18,password,18
user19,password,19
user20,password,20
user21,password,21
user22,password,22
user23,password,23
user24,password,24
user25,password,25
user26,password,26
user27,password,27
user28,password,28
user29,password,29
user30,password,30
user31,password,31
user32,password,32
user33,password,33
user34,password,34
user35,password,35
user36,password,36
user37,password,37
user38,password,38
user39,password,39
user40,password,40
user41,password,41
user42,password,42
user43,password,43
user44,password,44
user45,password,45
user46,password,46
user47,password,47
user48,password,48
user49,password,49
user50,password,50
user51,password,51
user52,password,52
user53,password,53
user54,password,54
user55,password,55
user56,password,56
user57,password,57
user58,password,58
user59,password,59
user60,password,60
user61,password,61
user62,password,62
user63,password,63
user64,password,64
user65,password,65
user66,password,66
user67,password,67
user68,password,68
user69,password,69
user70,password,70
user71,password,71
user72,password,72
user73,password,73
user74,password,74
user75,password,75
user76,password,76
user77,password,77
user78,password,78
user79,password,79
user80,password,80
user81,password,81
user82,password,82
user83,password,83
user84,password,84
user85,password,85
user86,password,86
user87,password,87
user88,password,88
user89,password,89
user90,password,90
user91,password,91
user92,password,92
user93,password,93
user94,password,94
user95,password,95
user96,password,96
user97,password,97
user98,password,98
user99,password,99
user100,password,100
user1,password,1
user2,password,2
user3,password,3
user4,password,4
user5,password,5
user6,password,6
user7,password,7
user8,password,8
user9,password,9
user10,password,10
user11,password,11
user12,password,12
user13,password,13
user14,password,14
user15,password,15
user16,password,16
user17,password,17
user18,password,18
user19,password,19
user20,password,20
user21,password,21
user22,password,22
user23,password,23
user24,password,24
user25,password,25
user26,password,26
user27,password,27
user28,password,28
user29,password,29
user30,password,30
user31,password,31
user32,password,32
user33,password,33
user34,password,34
user35,password,35
user36,password,36
user37,password,37
user38,password,38
user39,password,39
user40,password,40
user41,password,41
user42,password,42
user43,password,43
user44,password,44
user45,password,45
user46,password,46
user47,password,47
user48,password,48
user49,password,49
user50,password,50
user51,password,51
user52,password,52
user53,password,53
user54,password,54
user55,password,55
user56,password,56
user57,password,57
user58,password,58
user59,password,59
user60,password,60
user61,password,61
user62,password,62
user63,password,63
user64,password,64
user65,password,65
user66,password,66
user67,password,67
user68,password,68
user69,password,69
user70,password,70
user71,password,71
user72,password,72
user73,password,73
user74,password,74
user75,password,75
user76,password,76
user77,password,77
user78,password,78
user79,password,79
user80,password,80
user81,password,81
user82,password,82
user83,password,83
user84,password,84
user85,password,85
user86,password,86
user87,password,87
user88,password,88
user89,password,89
user90,password,90
user91,password,91
user92,password,92
user93,password,93
user94,password,94
user95,password,95
user96,password,96
user97,password,97
user98,password,98
user99,password,99
user100,password,100
user1,password,1
user2,password,2
user3,password,3
user4,password,4
user5,password,5
user6,password,6
user7,password,7
user8,password,8
user9,password,9
user10,password,10
user11,password,11
user12,password,12
user13,password,13
user14,password,14
user15,password,15
user16,password,16
user17,password,17
user18,password,18
user19,password,19
user20,password,20
user21,password,21
user22,password,22
user23,password,23
user24,password,24
user25,password,25
user26,password,26
user27,password,27
user28,password,28
user29,password,29
user30,password,30
user31,password,31
user32,password,32
user33,password,33
user34,password,34
user35,password,35
user36,password,36
user37,password,37
user38,password,38
user39,password,39
user40,password,40
user41,password,41
user42,password,42
user43,password,43
user44,password,44
user45,password,45
user46,password,46
user47,password,47
user48,password,48
user49,password,49
user50,password,50
user51,password,51
user52,password,52
user53,password,53
user54,password,54
user55,password,55
user56,password,56
user57,password,57
user58,password,58
user59,password,59
user60,password,60
user61,password,61
user62,password,62
user63,password,63
user64,password,64
user65,password,65
user66,password,66
user67,password,67
user68,password,68
user69,password,69
user70,password,70
user71,password,71
user72,password,72
user73,password,73
user74,password,74
user75,password,75
user76,password,76
user77,password,77
user78,password,78
user79,password,79
user80,password,80
user81,password,81
user82,password,82
user83,password,83
user84,password,84
user85,password,85
user86,password,86
user87,password,87
user88,password,88
user89,password,89
user90,password,90
user91,password,91
user92,password,92
user93,password,93
user94,password,94
user95,password,95
user96,password,96
user97,password,97
user98,password,98
user99,password,99
user100,password,100
user1,password,1
user2,password,2
user3,password,3
user4,password,4
user5,password,5
user6,password,6
user7,password,7
user8,password,8
user9,password,9
user10,password,10
user11,password,11
user12,password,12
user13,password,13
user14,password,14
user15,password,15
user16,password,16
user17,password,17
user18,password,18
user19,password,19
user20,password,20
user21,password,21
user22,password,22
user23,password,23
user24,password,24
user25,password,25
user26,password,26
user27,password,27
user28,password,28
user29,password,29
user30,password,30
user31,password,31
user32,password,32
user33,password,33
user34,password,34
user35,password,35
user36,password,36
user37,password,37
user38,password,38
user39,password,39
user40,password,40
user41,password,41
user42,password,42
user43,password,43
user44,password,44
user45,password,45
user46,password,46
user47,password,47
user48,password,48
user49,password,49
user50,password,50
user51,password,51
user52,password,52
user53,password,53
user54,password,54
user55,password,55
user56,password,56
user57,password,57
user58,password,58
user59,password,59
user60,password,60
user61,password,61
user62,password,62
user63,password,63
user64,password,64
user65,password,65
user66,password,66
user67,password,67
user68,password,68
user69,password,69
user70,password,70
user71,password,71
user72,password,72
user73,password,73
user74,password,74
user75,password,75
user76,password,76
user77,password,77
user78,password,78
user79,password,79
user80,password,80
user81,password,81
user82,password,82
user83,password,83
user84,password,84
user85,password,85
user86,password,86
user87,password,87
user88,password,88
user89,password,89
user90,password,90
user91,password,91
user92,password,92
user93,password,93
user94,password,94
user95,password,95
user96,password,96
user97,password,97
user98,password,98
user99,password,99
user100,password,100
user1,password,1
user2,password,2
user3,password,3
user4,password,4
user5,password,5
user6,password,6
user7,password,7
user8,password,8
user9,password,9
user10,password,10
user11,password,11
user12,password,12
user13,password,13
user14,password,14
user15,password,15
user16,password,16
user17,password,17
user18,password,18
user19,password,19
user20,password,20
user21,password,21
user22,password,22
user23,password,23
user24,password,24
user25,password,25
user26,password,26
user27,password,27
user28,password,28
user29,password,29
user30,password,30
user31,password,31
user32,password,32
user33,password,33
user34,password,34
user35,password,35
user36,password,36
user37,password,37
user38,password,38
user39,password,39
user40,password,40
user41,password,41
user42,password,42
user43,password,43
user44,password,44
user45,password,45
user46,password,46
user47,password,47
user48,password,48
user49,password,49
user50,password,50
user51,password,51
user52,password,52
user53,password,53
user54,password,54
user55,password,55
user56,password,56
user57,password,57
user58,password,58
user59,password,59
user60,password,60
user61,password,61
user62,password,62
user63,password,63
user64,password,64
user65,password,65
user66,password,66
user67,password,67
user68,password,68
user69,password,69
user70,password,70
user71,password,71
user72,password,72
user73,password,73
user74,password,74
user75,password,75
user76,password,76
user77,password,77
user78,password,78
user79,password,79
user80,password,80
user81,password,81
user82,password,82
user83,password,83
user84,password,84
user85,password,85
user86,password,86
user87,password,87
user88,password,88
user89,password,89
user90,password,90
user91,password,91
user92,password,92
user93,password,93
user94,password,94
user95,password,95
user96,password,96
user97,password,97
user98,password,98
user99,password,99
user100,password,100
user1,password,1
user2,password,2
user3,password,3
user4,password,4
user5,password,5
user6,password,6
user7,password,7
user8,password,8
user9,password,9
user10,password,10
user11,password,11
user12,password,12
user13,password,13
user14,password,14
user15,password,15
user16,password,16
user17,password,17
user18,password,18
user19,password,19
user20,password,20
user21,password,21
user22,password,22
user23,password,23
user24,password,24
user25,password,25
user26,password,26
user27,password,27
user28,password,28
user29,password,29
user30,password,30
user31,password,31
user32,password,32
user33,password,33
user34,password,34
user35,password,35
user36,password,36
user37,password,37
user38,password,38
user39,password,39
user40,password,40
user41,password,41
user42,password,42
user43,password,43
user44,password,44
user45,password,45
user46,password,46
user47,password,47
user48,password,48
user49,password,49
user50,password,50
user51,password,51
user52,password,52
user53,password,53
user54,password,54
user55,password,55
user56,password,56
user57,password,57
user58,password,58
user59,password,59
user60,password,60
user61,password,61
user62,password,62
user63,password,63
user64,password,64
user65,password,65
user66,password,66
user67,password,67
user68,password,68
user69,password,69
user70,password,70
user71,password,71
user72,password,72
user73,password,73
user74,password,74
user75,password,75
user76,password,76
user77,password,77
user78,password,78
user79,password,79
user80,password,80
user81,password,81
user82,password,82
user83,password,83
user84,password,84
user85,password,85
user86,password,86
user87,password,87
user88,password,88
user89,password,89
user90,password,90
user91,password,91
user92,password,92
user93,password,93
user94,password,94
user95,password,95
user96,password,96
user97,password,97
user98,password,98
user99,password,99
user100,password,100
user1,password,1
user2,password,2
user3,password,3
user4,password,4
user5,password,5
user6,password,6
user7,password,7
user8,password,8
user9,password,9
user10,password,10
user11,password,11
user12,password,12
user13,password,13
user14,password,14
user15,password,15
user16,password,16
user17,password,17
user18,password,18
user19,password,19
user20,password,20
user21,password,21
user22,password,22
user23,password,23
user24,password,24
user25,password,25
user26,password,26
user27,password,27
user28,password,28
user29,password,29
user30,password,30
user31,password,31
user32,password,32
user33,password,33
user34,password,34
user35,password,35
user36,password,36
user37,password,37
user38,password,38
user39,password,39
user40,password,40
user41,password,41
user42,password,42
user43,password,43
user44,password,44
user45,password,45
user46,password,46
user47,password,47
user48,password,48
user49,password,49
user50,password,50
user51,password,51
user52,password,52
user53,password,53
user54,password,54
user55,password,55
user56,password,56
user57,password,57
user58,password,58
user59,password,59
user60,password,60
user61,password,61
user62,password,62
user63,password,63
user64,password,64
user65,password,65
user66,password,66
user67,password,67
user68,password,68
user69,password,69
user70,password,70
user71,password,71
user72,password,72
user73,password,73
user74,password,74
user75,password,75
user76,password,76
user77,password,77
user78,password,78
user79,password,79
user80,password,80
user81,password,81
user82,password,82
user83,password,83
user84,password,84
user85,password,85
user86,password,86
user87,password,87
user88,password,88
user89,password,89
user90,password,90
user91,password,91
user92,password,92
user93,password,93
user94,password,94
user95,password,95
user96,password,96
user97,password,97
user98,password,98
user99,password,99
user100,password,100
user1,password,1
user2,password,2
user3,password,3
user4,password,4
user5,password,5
user6,password,6
user7,password,7
user8,password,8
user9,password,9
user10,password,10
user11,password,11
user12,password,12
user13,password,13
user14,password,14
user15,password,15
user16,password,16
user17,password,17
user18,password,18
user19,password,19
user20,password,20
user21,password,21
user22,password,22
user23,password,23
user24,password,24
user25,password,25
user26,password,26
user27,password,27
user28,password,28
user29,password,29
user30,password,30
user31,password,31
user32,password,32
user33,password,33
user34,password,34
user35,password,35
user36,password,36
user37,password,37
user38,password,38
user39,password,39
user40,password,40
user41,password,41
user42,password,42
user43,password,43
user44,password,44
user45,password,45
user46,password,46
user47,password,47
user48,password,48
user49,password,49
user50,password,50
user51,password,51
user52,password,52
user53,password,53
user54,password,54
user55,password,55
user56,password,56
user57,password,57
user58,password,58
user59,password,59
user60,password,60
user61,password,61
user62,password,62
user63,password,63
user64,password,64
user65,password,65
user66,password,66
user67,password,67
user68,password,68
user69,password,69
user70,password,70
user71,password,71
user72,password,72
user73,password,73
user74,password,74
user75,password,75
user76,password,76
user77,password,77
user78,password,78
user79,password,79
user80,password,80
user81,password,81
user82,password,82
user83,password,83
user84,password,84
user85,password,85
user86,password,86
user87,password,87
user88,password,88
user89,password,89
user90,password,90
user91,password,91
user92,password,92
user93,password,93
user94,password,94
user95,password,95
user96,password,96
user97,password,97
user98,password,98
user99,password,99
user100,password,100
user1,password,1
user2,password,2
user3,password,3
user4,password,4
user5,password,5
user6,password,6
user7,password,7
user8,password,8
user9,password,9
user10,password,10
user11,password,11
user12,password,12
user13,password,13
user14,password,14
user15,password,15
user16,password,16
user17,password,17
user18,password,18
user19,password,19
user20,password,20
user21,password,21
user22,password,22
user23,password,23
user24,password,24
user25,password,25
user26,password,26
user27,password,27
user28,password,28
user29,password,29
user30,password,30
user31,password,31
user32,password,32
user33,password,33
user34,password,34
user35,password,35
user36,password,36
user37,password,37
user38,password,38
user39,password,39
user40,password,40
user41,password,41
user42,password,42
user43,password,43
user44,password,44
user45,password,45
user46,password,46
user47,password,47
user48,password,48
user49,password,49
user50,password,50
user51,password,51
user52,password,52
user53,password,53
user54,password,54
user55,password,55
user56,password,56
user57,password,57
user58,password,58
user59,password,59
user60,password,60
user61,password,61
user62,password,62
user63,password,63
user64,password,64
user65,password,65
user66,password,66
user67,password,67
user68,password,68
user69,password,69
user70,password,70
user71,password,71
user72,password,72
user73,password,73
user74,password,74
user75,password,75
user76,password,76
user77,password,77
user78,password,78
user79,password,79
user80,password,80
user81,password,81
user82,password,82
user83,password,83
user84,password,84
user85,password,85
user86,password,86
user87,password,87
user88,password,88
user89,password,89
user90,password,90
user91,password,91
user92,password,92
user93,password,93
user94,password,94
user95,password,95
user96,password,96
user97,password,97
user98,password,98
user99,password,99
user100,password,100
user1,password,1
user2,password,2
user3,password,3
user4,password,4
user5,password,5
user6,password,6
user7,password,7
user8,password,8
user9,password,9
user10,password,10
user11,password,11
user12,password,12
user13,password,13
user14,password,14
user15,password,15
user16,password,16
user17,password,17
user18,password,18
user19,password,19
user20,password,20
user21,password,21
user22,password,22
user23,password,23
user24,password,24
user25,password,25
user26,password,26
user27,password,27
user28,password,28
user29,password,29
user30,password,30
user31,password,31
user32,password,32
user33,password,33
user34,password,34
user35,password,35
user36,password,36
user37,password,37
user38,password,38
user39,password,39
user40,password,40
user41,password,41
user42,password,42
user43,password,43
user44,password,44
user45,password,45
user46,password,46
user47,password,47
user48,password,48
user49,password,49
user50,password,50
user51,password,51
user52,password,52
user53,password,53
user54,password,54
user55,password,55
user56,password,56
user57,password,57
user58,password,58
user59,password,59
user60,password,60
user61,password,61
user62,password,62
user63,password,63
user64,password,64
user65,password,65
user66,password,66
user67,password,67
user68,password,68
user69,password,69
user70,password,70
user71,password,71
user72,password,72
user73,password,73
user74,password,74
user75,password,75
user76,password,76
user77,password,77
user78,password,78
user79,password,79
user80,password,80
user81,password,81
user82,password,82
user83,password,83
user84,password,84
user85,password,85
user86,password,86
user87,password,87
user88,password,88
user89,password,89
user90,password,90
user91,password,91
user92,password,92
user93,password,93
user94,password,94
user95,password,95
user96,password,96
user97,password,97
user98,password,98
user99,password,99
user100,password,100